text,toxicity,emocao
Apoiar o governo Eduardo Leite virou ofensa #DebateNaBandRS,0.16477858,Positivo
O Instituto Flores da Cunha é símbolo casuismo desse governo Leite e Sartori Parou obra até decidir privatizar parte espaço @EdegarPretto vai terminar obra e trazer todo o Instituto de Educação de volta para casa debate da @bandrs agora,0.28280056,Positivo
RT @luizmuller #DebateNaBandRS #DebateNaBand o @EdegarPretto mostra que nos governos PT fo Tarso e Olívio o Rio Grande cresceu m…,0.15721503,Positivo
@EdegarPretto ????,0.28004074,Positivo
RT @PompeodeMattos O @VieiraPDT bateu com duas mãos \nLeite se gaba de fazer o mínimo \nO Edegar Pretto diz que vai dar café da manhã p…,0.22505458,Positivo
"Onix caixa dois confesso não pode falar de corrupção""  #DebateNaBandRS",0.19987535,Positivo
se o @onyxlorenzoni fornecer fonte da juventude todos gaúchos farei campanha\n\no bitcho tem 67 anos e parece que tem uns 40 ,0.15354952,Positivo
@AlessandraBremm @EdegarPretto @ptbrasil @VieiraPDT E por que não apoiava os CIEPS,0.16477858,Positivo
@Henriqueptpel @Heinzeoficial @onyxlorenzoni @LulaOficial @jairbolsonaro Alguém para esse homi,0.14508685,Positivo
RS existem dois campos ou tá com @LulaOficial ou tá com @jairbolsonaro  @onyxlorenzoni \n\nAqui tem @cirogomes também @onyxlorenzoni E ao invés de toalhas para passar pano gente tem Projeto Nacional de Desenvolvimento\n\n#DebateNaBandRS,0.17891175,Positivo
Onix falando sobre homem de palavra hahahaha  #DebateNaBandRS,0.21664919,Positivo
RT @julioaraujopsol Eduardo Leite falando das mulheres e eu só consigo lembrar caso dos exames citopatológicos #DebateNaBandRS,0.1587171,Positivo
Jobim disse que todo mundo quer resolver seu problema entregando tudo quebrado pro próximo Diz que quer ser primeiro governo liberal da história RS\nEdegar disse que hoje há filas intermináveis porque Leite prefere se vangloriar e que não aumentará impostos #DebateNaBandRS,0.30894676,Positivo
@EdegarPretto aprendeu com seus pais e também com @LulaOficial @Olivio_Dutra @TarsoGenro @DilmaBR e @PauloPaim mas fundamentalmente com o povo gaúcho que é preciso apenas de uma oportunidade para ser feliz #LulaOlivioPrettoRuas #DebatenaBandRS,0.26290515,Positivo
RT @AMonicaFacio Ao contrário Leite @EdegarPretto é um homem de palavra e o que ele fala irá fazer Não à privatização que é nosso…,0.28004074,Positivo
@Heinzeoficial Eu acho que os ônibus que vem da grande Porto Alegre não deveriam passar das fronteiras da cidade pois comprometem o trânsito nas grandes avenidas,0.16477858,Positivo
Graças Deus que não tivemos um governo liberal RS\n#DebateNaBandRS,0.13047424,Positivo
O Jobim não é político mas sim vendedor dos bens Estado\n\n#DebateNaBandRS,0.16070004,Positivo
Saiba regras #DebateNaBandRS e acompanhe com gente aqui Twitter ou  \n\n#DebateNaBand ,0.12013068,Positivo
Banrisul deve ser um indutor de desenvolvimento e não um banco para gerar lucros como se fosse um banco privado Edegar vai colocar o Banrisul serviço desenvolvimento RS serviço Povo RS #LulaOlivioPrettoRuas #DebatenaBandRS,0.2228434,Positivo
Vieira pergunta para Onyx sobre questão da saúde que foi agravada pela pandemia Pergunta quais são propostas dele nessa área\n\nOnyx diz que ah gente ele tá ali fazendo propaganda enganosa governo Bolsonaro de novo RECUSO #DebateNaBandRS,0.1695651,Positivo
RT @Valdeci13rs Olho na Band \n\n Olho @EdegarPretto\n\n#LulaOlivioEdegarRuas \n#DebateNaBandRS\n#RSQueOPovoQuer \n#EquipeValdeci ,0.3379852,Positivo
@EdegarPretto firme na defesa patrimônio público patrimônio das gaúchas e dos gaúchos O Banrisul e Corsan não devem estar nas mãos dos ricos e poderosos mas nosso povo #DebateNaBandRS \n\n#EdegarPrettoGovernador,0.28291997,Positivo
Ser contra privatizações da Corsan e Banrisul é um compromisso estratégico com o povo gaúcho Nosso candidato governador vai muito bem ao assumir essa bandeira  #DebateNaBandRS  Boa @EdegarPretto ,0.2840909,Positivo
RT @sofiacavedonPT É palavra de gaúcha e de gaúcho Com @LulaOficial e @EdegarPretto vamos virar página barrar o projeto privatista e i…,0.2840909,Positivo
Privatização da água é coisa de quem como @jairbolsonaro e @EduardoLeite_ não gostam povo\n\n#LulaOlivioEdegarRuas\n#LulaOlivioPrettoRuas\n#DebateNaBandRS,0.34042552,Positivo
Acompanhe o Debate da BandRS onde @EdegarPretto apresenta os seus compromissos e sua palavra de gaúcho com o povo RS\n\nAssista ao vivo na página PTRS Facebook \n\n#DebateNaBandRS\n#LulaOlivioPrettoRuas ,0.34042552,Positivo
Vieira da Cunha fazendo uma campanha de esquerda Aprende Juliana #DebateNaBandRS,0.11168385,Positivo
RT @Biga_Pereira O debate começou e já mostra quem de verdade está ao lado povo gaúcho #LulaOlivioPrettoRuas  #DebatenaBandRS,0.1410789,Positivo
RT @JulianaBrizola Vieira já chegou mostrando quê veio É contra política neoliberal de privatizações como solução para os problemas E…,0.20782387,Positivo
@EdegarPretto defendendo Corsan e Banrisul Patrimônio dos gaúchos e para defender interesses dos gaúchos #DebateNaBandRS,0.28158987,Positivo
Uma de suas causas com reconhecimento internacional é conscientização dos homens pelo fim da violência contra mulheres que levou @EdegarPretto ao Comitê Nacional @ElesPorElas da @UN_Women único Comitê Estadual autorizado pela ONU #LulaOlivioPrettoRuas #DebatenaBandRS,0.28004074,Positivo
RT @MiguelSRossetto O #DebateNaBandRS começou\nAcompanhe com gente \n\n@EdegarPretto é o candidato de @LulaOficial…,0.16477858,Positivo
RT @_mateusbran Edegar e Viera falando mal das privatizações Milk ?????? #DebateNaBandRS,0.24135318,Positivo
RT @SantosPaulinho @EdegarPretto firme na defesa patrimônio público patrimônio das gaúchas e dos gaúchos O Banrisul e Corsan não…,0.21222565,Positivo
RT @EdegarPretto Sou o candidato presidente @LulaOficial RS \nAo lado de @PedroRuasPsol e @olivio_dutra nós representamos uma fr…,0.2227339,Positivo
@bandrs Não tem milagre Para ter mais saúde precisamos ter mais orçamento governo @TarsoGenro foi primeira vez que o estado aplicou 12 orçamento em saúde #DebatenaBandRS #LulaOlivioPrettoRuas,0.16477858,Positivo
RT @StelaFarias Vc conhece Edegar Pretto Então aproveite o debate na Band @EdegarPretto tem 51 anos e nasceu em Miraguaí na Região Cele…,0.13729498,Positivo
Foi só uma gripisinha Ponto final #DebateNaBandRS,0.2586519,Positivo
O Onyx mente que nem sente\n\nContando Vantagem até sobre vacinas que o governo dele ignorou\n\n#DebateNaBandRS,0.16477858,Positivo
RT @HenriqueFontana O @EdegarPretto foi o deputado mais votado partido nas três eleições em que participou e líder\nda bancada PT no…,0.16194487,Positivo
RT @SigaPepeVargas Uma de suas causas com reconhecimento internacional é conscientização dos homens pelo fim da violência contra mulh…,0.33988136,Positivo
Onyx só fala em princípios valores liberdade e ainda dá razão de forma indireta pra quem não quis se vacinar Tô sem paciência desculpa aí galera #DebateNaBandRS,0.26897854,Positivo
RT @NatashaPSOL Candidato NOVO “não usamos o teu dinheiro para fazer campanha” \n\nEles tem grana das empresas que pagam campanhas de…,0.21927409,Positivo
RT @LeonelRadde Daqui pouco tem o nosso futuro Governador RS @EdegarPretto demolindo Debate da @bandrs  É o time @LulaOficia…,0.115397476,Positivo
PT com mesmo discurso Kkk Passa ano entra ano e esquerda sempre com mesmo discurso Nunca foi tão facil escolher\n22 em 22 primeiro turno #DebateNaBandRS,0.31690976,Positivo
proposta Onyx é o Bolsonaro kkkkkkkkkk #DebateNaBandRS,0.16477858,Positivo
@EdegarPretto muito bem debate \nNão tem escolha melhor para o Rio Grande Sul \n#DebateNaBandRS @bandrs,0.17298111,Positivo
#DebateNaBandRS O @EdegarPretto mostrando que veio Junto com #LulaEoPTReconstruirOBrasil e o Rio Grande #DebateNaBand #LulaOlivioEdegarRuas ,0.33680063,Positivo
Onyx já falou  liberdade de não tomar vacina #DebateNaBandRS,0.16477858,Positivo
@onyxlorenzoni Que legal #ForaBolsonaro,0.16477858,Positivo
O cara tá orgulhoso de ter feito parte governo Bolsonaro mesmo ein Tri massa #DebateNaBandRS,0.22331434,Positivo
O @EdegarPretto anulará todos os atos de privatização aqui Rio Grande Assim também será com o Banrisul ele vai ser indutor investimento para os serviços agricultura e infraestrutura estado Palavra de Gaúcho\n\n#DebateNaBandRS #LulaOlivioPrettoRuas #RSqueOPovoQuer,0.26726395,Positivo
O @Heinzeoficial na sua fala inicial nos costumes disse NADA,0.21962517,Positivo
RT @PTpoa @EdegarPretto aprendeu com seus pais e também com @LulaOficial @Olivio_Dutra @TarsoGenro @DilmaBR e @PauloPaim mas fundamental…,0.27327132,Positivo
RT @SigaPepeVargas #LulaOlivioPrettoRuas #DebateNaBandRS,0.14457068,Positivo
O Heinze não tá puro tomou um Rivotril #DebateNaBandRS,0.34042552,Positivo
Onyx nem treme na mentira #DebateNaBandRS,0.38054818,Positivo
RT @JulianaBrizola Leite adora dizer que “virou o jogo RS” Perguntem aos professores e brigadianos que jogo ele virou Pq pro funciona…,0.27382115,Positivo
@EdegarPretto ,0.16477858,Positivo
RT @thiamparo Já que estamos falando de armas nas mãos de policiais em horário de folga está tramitando o PL 9424 de 2017 @onyxlorenzo…,0.21968637,Positivo
O debate começou e já mostramos que estamos com verdade e o compromisso ao lado povo gaúcho \n@EdegarPretto\n #DebateNaBandRS #LulaOlivioPrettoRuas,0.16477858,Positivo
RT @PompeodeMattos Nosso candidato @VieiraPDT fala das consequências da absurda privatização da CEEE vendida por R 100 mil reais aument…,0.2840909,Positivo
Quero fazer meu protesto que mesmo com superavit da arrecadação o Gov atual não investe mais que os 12 constitucionais @VieiraPDT \n\n#DebateNaBandRS,0.21398352,Positivo
#JobimNaBandRS ,0.15687253,Positivo
@bandrs Leite fez muito pelo Estado Trabalho deve continuar Fechado com Eduardo Leite para governador e com Busato pra deputado federal #UniãoBrasilRS #DebatenaBandRS #busato,0.17213543,Positivo
RT @MauricioCostaRS principal reforma feita pelo Governo Bolsonaro foi reforma MORAL\n\nO Presidente colocou coisas lugar e est…,0.19112219,Positivo
Os trabalhadores da saúde foram indispensáveis combate à pandemia Sim @vieirapdt apesar de Bolsonaro O presidente tem sangue nas mãos e quem está com ele também #DebateNaBand,0.2840909,Positivo
#partidonovo30 Já vai começar #JobimNaBand \n\n@RicardoJobim30  nosso pré-candidato ao governo Rio Grande Sul Vou trazer verdades que os gaúchos precisam conhecer \n\n,0.15732065,Positivo
RT @SigaPepeVargas #DebateNaBandRS #LulaOlivioPrettoRuas #RSqueOPovoQuer,0.23893254,Positivo
Quero solidarizar com 40 mil famílias que perderam seus entes na pandemia aqui RS Considero que foram medidas criminosas de @jairbolsonaro que considerou que era uma gripezinha e negou evidências científicas @VieiraPDT \n\n#DebateNaBandRS,0.34042552,Positivo
@bandrs Fechado com Eduardo Leite para governador e com Busato pra deputado federal #UniãoBrasilRS #DebatenaBandRS #busato,0.16477858,Positivo
RT @_mateusbran Edegar e Viera falando mal das privatizações Milk ?????? #DebateNaBandRS,0.24135318,Positivo
forma como o Onyx fala parece que o Bolsonaro é um Nelson Mandela \n\n#DebateNaBandRS,0.14039259,Positivo
RT @HenriqueFontana O @EdegarPretto foi o deputado mais votado partido nas três eleições em que participou e líder\nda bancada PT no…,0.16194487,Positivo
#DebateNaBandRS #LulaOlivioPrettoRuas #RSqueOPovoQuer ,0.16834942,Positivo
Resposta de Edegar Pretto PT à pergunta inicial #DebateNaBand #DebateNaBandRS ,0.28004074,Positivo
RT @EdegarPretto É hora de somar e nós conhecemos sua força  Edegar e @LulaOficial estão juntos Rio Grande e embora realida…,0.22153156,Positivo
RT @SigaPepeVargas atual dívida RS com União é injusta e impagável dívida era de R 95 bilhões em 1996 nós pagamos R 37 bilh…,0.12413415,Positivo
RT @Henriqueptpel O Onyx diz pra você povo gaúcho que Bolsonaro acertou na economia Ou seja agricultura familiar abandonada um milhão…,0.22663428,Positivo
RT @EdegarPretto Sou o candidato presidente @LulaOficial RS \nAo lado de @PedroRuasPsol e @olivio_dutra nós representamos uma fr…,0.2227339,Positivo
O @EdegarPretto veio cabo da enxada Tem muito orgulho dos pais da origem humilde e de tudo que conquistou com muita luta e diálogo Saiu da roça e graduou-se em Gestão Pública É pai Yuri João e Angelo #DebatenaBandRS #LulaOlivioPrettoRuas,0.21275876,Positivo
@EdegarPretto defende vida defende o povo defende o patrimônio público\n#EdegarPrettoGovernador \n#DebateNaBandRS,0.11491399,Positivo
@Heinzeoficial comemorando uma ponte com sinaleira Kkkk @tvbandeirantes #DebateNaBandRS,0.16397642,Positivo
Faz falta um #Psol nos debates governador Não ganhavam mas diziam umas verdades para inconveniência dos candidatos presentes #DebateNaBandRS #BandRS,0.34042552,Positivo
RT @a_marcellos Onyx afirma sem corar que vacinação Brasil começou com o governo Bolsonaro Segundo ele os fatos não são fatos mas n…,0.2628756,Positivo
"Onyx afirma sem corar que vacinação Brasil começou com o governo Bolsonaro Segundo ele os fatos não são fatos mas narrativas"" Só Bolsonaro e seus acólitos carregam verdade O #DebateNaBandRS vai esquentando",0.28119323,Positivo
Começou época ano que gente acompanha mas não sabe se ri ou se chora de desespero #debatenabandrs,0.28252965,Positivo
"RT @Valdeci13rs Se Deus quiser vou eleger governador e eu vou anular todos os atos de privatização da nossa Corsan"" afirma @EdegarPr…",0.15506357,Positivo
#DebateNaBandRS  parabéns pela largada na frente #BolsonaroNoPrimeiroTurno,0.2064998,Positivo
RT @onyxlorenzoni Rapaziada daqui pouco Segue o link pro debate que começa às 21h \n\n,0.09103047,Neutro
RT @onyxlorenzoni Rapaziada daqui pouco Segue o link pro debate que começa às 21h \n\n,0.091030575,Neutro
RT @onyxlorenzoni Rapaziada daqui pouco Segue o link pro debate que começa às 21h \n\n,0.091030575,Neutro
RT @onyxlorenzoni Rapaziada daqui pouco Segue o link pro debate que começa às 21h \n\n,0.091030575,Neutro
RT @onyxlorenzoni Rapaziada daqui pouco Segue o link pro debate que começa às 21h \n\n,0.091030575,Neutro
RT @onyxlorenzoni Hoje à noite \nAcompanhem ,0.022912968,Neutro
RT @onyxlorenzoni Hoje à noite \nAcompanhem ,0.022912968,Neutro
RT @onyxlorenzoni Hoje à noite \nAcompanhem ,0.022912968,Neutro
RT @onyxlorenzoni Cristã  mãe professora ex-vereadora por dois mandatos vice-prefeita de Guaíba uma vida dedicada servir \nApresent…,0.012811388,Neutro
RT @onyxlorenzoni Cristã  mãe professora ex-vereadora por dois mandatos vice-prefeita de Guaíba uma vida dedicada servir \nApresent…,0.012811388,Neutro
RT @onyxlorenzoni Ao vivo Debate na Band \n,0.033090975,Neutro
RT @onyxlorenzoni Ao vivo Debate na Band \n,0.033090975,Neutro
RT @onyxlorenzoni Ao vivo Debate na Band \n,0.033090975,Neutro
RT @onyxlorenzoni Ao vivo Debate na Band \n,0.033090975,Neutro
RT @onyxlorenzoni Ao vivo Debate na Band \n,0.033090975,Neutro
RT @onyxlorenzoni Ao vivo Debate na Band \n,0.033090975,Neutro
RT @onyxlorenzoni Ao vivo Debate na Band \n,0.033090975,Neutro
RT @onyxlorenzoni Ao vivo Debate na Band \n,0.033090975,Neutro
RT @onyxlorenzoni Ao vivo Debate na Band \n,0.033090975,Neutro
RT @onyxlorenzoni Ao vivo Debate na Band \n,0.033090975,Neutro
RT @olivio_dutra Hoje às 21 horas @edegarpretto participará 1º debate dos pré-candidatos ao governo Estado RS e conto contigo par…,0.055042017,Neutro
RT @olivio_dutra Hoje às 21 horas @edegarpretto participará 1º debate dos pré-candidatos ao governo Estado RS e conto contigo par…,0.055042017,Neutro
RT @olivio_dutra Hoje às 21 horas @edegarpretto participará 1º debate dos pré-candidatos ao governo Estado RS e conto contigo par…,0.055042017,Neutro
RT @olivio_dutra Companheiros e companheiras não percam @edegarpretto às 21 horas em sua participação 1° debate dos pré-candidatos ao…,0.084493786,Neutro
RT @OGustavoNR O Onyx mente que nem sente\n\nContando Vantagem até sobre vacinas que o governo dele ignorou\n\n#DebateNaBandRS,0.099415205,Neutro
"RT @obrunnocruz Onyx  mensalão petrolão""\n\n#DebateNaBandRS ",0.027821004,Neutro
"RT @obrunnocruz Onyx  mensalão petrolão""\n\n#DebateNaBandRS ",0.027821004,Neutro
RT @MCPCiro E não podemos esquecer excelentíssimo @VieiraPDT nossa candidato Ciro pelo Rio Grande sul que estará #DebateNaBan…,0.050362177,Neutro
RT @MCPCiro E não podemos esquecer excelentíssimo @VieiraPDT nossa candidato Ciro pelo Rio Grande sul que estará #DebateNaBan…,0.050362177,Neutro
RT @mariadorosario Importante fala \n@EdegarPretto\n agora #DebateNaBandRS sobre alimentação das nossas crianças e adolescentes nas…,0.08244847,Neutro
RT @mariadorosario Importante fala \n@EdegarPretto\n agora #DebateNaBandRS sobre alimentação das nossas crianças e adolescentes nas…,0.08244847,Neutro
RT @mariadorosario Acompanhando o #DebateNaBandRS por aqui E vocês Acompanho o @EdegarPretto que está muito preparado para liderar nosso…,0.055042017,Neutro
RT @mariadorosario Acompanhando o #DebateNaBandRS por aqui E vocês Acompanho o @EdegarPretto que está muito preparado para liderar nosso…,0.055042017,Neutro
RT @mariadorosario Acompanhando o #DebateNaBandRS por aqui E vocês Acompanho o @EdegarPretto que está muito preparado para liderar nosso…,0.055042017,Neutro
RT @mariadorosario Acompanhando o #DebateNaBandRS por aqui E vocês Acompanho o @EdegarPretto que está muito preparado para liderar nosso…,0.055042017,Neutro
RT @mariadorosario Acompanhando o #DebateNaBandRS por aqui E vocês Acompanho o @EdegarPretto que está muito preparado para liderar nosso…,0.055042017,Neutro
RT @mariadorosario Acompanhando o #DebateNaBandRS por aqui E vocês Acompanho o @EdegarPretto que está muito preparado para liderar nosso…,0.055042017,Neutro
RT @mariadorosario Acompanhando o #DebateNaBandRS por aqui E vocês Acompanho o @EdegarPretto que está muito preparado para liderar nosso…,0.055042017,Neutro
RT @marcelvanhattem Hoje tem debate da Band com os candidatos governador partir das 21h O @partidonovo30 estará presente com @Ricardo…,0.038852096,Neutro
RT @marcelvanhattem Hoje tem debate da Band com os candidatos governador partir das 21h O @partidonovo30 estará presente com @Ricardo…,0.038852096,Neutro
RT @Malacheia3 @giovanicherini Com caixa 2 ou sem caixa 2 @onyxlorenzoni ,0.012811388,Neutro
RT @luizmuller Acompanhe #AoVivo #DebateNaBandRS Começou bem @EdegarPretto dando aula debate,0.04804771,Neutro
RT @luizmuller Acompanhe #AoVivo #DebateNaBandRS Começou bem @EdegarPretto dando aula debate,0.04804771,Neutro
RT @luizmuller #DebateNaBandRS O @EdegarPretto mostrando que veio Junto com #LulaEoPTReconstruirOBrasil e o Rio Grande #DebateNaBand #L…,0.09013535,Neutro
RT @luizmuller #DebateNaBandRS O @EdegarPretto mostrando que veio Junto com #LulaEoPTReconstruirOBrasil e o Rio Grande #DebateNaBand #L…,0.09013535,Neutro
RT @luizmuller #DebateNaBandRS O @EdegarPretto mostrando que veio Junto com #LulaEoPTReconstruirOBrasil e o Rio Grande #DebateNaBand #L…,0.09013535,Neutro
RT @Luizao_Band 21h06 - Porto Alegre\n\n#Fantástico 201\n#DomingoEspetacular 65\n#ProgramaSilvioSantos 63\n#Encrenca 24\n#DebateNaBandRS 18,0.012811388,Neutro
RT @Luizao_Band 21h06 - Porto Alegre\n\n#Fantástico 201\n#DomingoEspetacular 65\n#ProgramaSilvioSantos 63\n#Encrenca 24\n#DebateNaBandRS 18,0.012811388,Neutro
RT @LuckyDuckyBr Debate na Band RS com @onyxlorenzoni,0.055042017,Neutro
RT @lucasgertzm OS GOVERNOS PETISTAS FORAM OS GOVERNOS QUE MAIS INVESTIRAM EM EDUCAÇÃO NESTE PAÍS #DebateNaBandRS  #LulaOlivioPrettoRuas,0.08244847,Neutro
RT @LeonelRadde Eduardo Leite junto com PSDB e MDB deixaram os professores e professoras 7 anos sem reposição slasrial São 14 de escol…,0.07074734,Neutro
RT @LeonelRadde Eduardo Leite junto com PSDB e MDB deixaram os professores e professoras 7 anos sem reposição slasrial São 14 de escol…,0.07074734,Neutro
RT @LeonelRadde Eduardo Leite junto com PSDB e MDB deixaram os professores e professoras 7 anos sem reposição slasrial São 14 de escol…,0.07074734,Neutro
RT @LeonelRadde Eduardo Leite junto com PSDB e MDB deixaram os professores e professoras 7 anos sem reposição slasrial São 14 de escol…,0.07074734,Neutro
RT @lcportinho Tá sobrando #DebateNaBandRS o @EdegarPretto @ptbrasil \n\nCandidato mais preparado e com propostas e realizações p most…,0.08244847,Neutro
RT @JulianaBrizola Os trabalhadores da saúde foram indispensáveis combate à pandemia Sim @vieirapdt apesar de Bolsonaro O presidente…,0.038852096,Neutro
RT @JulianaBrizola Os trabalhadores da saúde foram indispensáveis combate à pandemia Sim @vieirapdt apesar de Bolsonaro O presidente…,0.038852096,Neutro
RT @JulianaBrizola Os trabalhadores da saúde foram indispensáveis combate à pandemia Sim @vieirapdt apesar de Bolsonaro O presidente…,0.038852096,Neutro
RT @JulianaBrizola Os trabalhadores da saúde foram indispensáveis combate à pandemia Sim @vieirapdt apesar de Bolsonaro O presidente…,0.038852096,Neutro
RT @JulianaBrizola O @vieirapdt questiona Leite sobre o ABANDONO da educação com índices altos de evasão escolar educação é o futuro d…,0.038852096,Neutro
RT @JulianaBrizola O @vieirapdt questiona Leite sobre o ABANDONO da educação com índices altos de evasão escolar educação é o futuro d…,0.038852096,Neutro
RT @JulianaBrizola O @vieirapdt questiona Leite sobre o ABANDONO da educação com índices altos de evasão escolar educação é o futuro d…,0.038852096,Neutro
RT @JulianaBrizola Logo mais 21h @bandrs promove o primeiro debate dos candidatos ao Governo Estado Vamos juntos acompanhar as…,0.045691907,Neutro
RT @JulianaBrizola Leite vendeu CEEE por R 100 mil e nossa população sente consequências cada vento mais forte Vieira defende o p…,0.055042017,Neutro
RT @JulianaBrizola Leite vendeu CEEE por R 100 mil e nossa população sente consequências cada vento mais forte Vieira defende o p…,0.055042017,Neutro
RT @JulianaBrizola Leite vendeu CEEE por R 100 mil e nossa população sente consequências cada vento mais forte Vieira defende o p…,0.055042017,Neutro
RT @JulianaBrizola Leite vendeu CEEE por R 100 mil e nossa população sente consequências cada vento mais forte Vieira defende o p…,0.055042017,Neutro
RT @JulianaBrizola Leite vendeu CEEE por R 100 mil e nossa população sente consequências cada vento mais forte Vieira defende o p…,0.055042017,Neutro
RT @JulianaBrizola Leite vendeu CEEE por R 100 mil e nossa população sente consequências cada vento mais forte Vieira defende o p…,0.055042017,Neutro
RT @jana_costa76 Esse é o meu futuro governador @EdegarPretto\n\n #LulaOlivioPrettoRuas\n #DebatenaBandRS ,0.038852096,Neutro
RT @Ivarpavan Hoje à noite primeiro debate com os candidatos ao governo Estado na TV Band\nVamos assistir\n#DebateNaBandRS  #LulaOliv…,0.012811388,Neutro
RT @Henriqueptpel Quem defende educação domiciliar como @TrzeciakDaniel o partido @EduardoLeite_ o @onyxlorenzoni e o @Heinzeoficial…,0.05812213,Neutro
RT @Henriqueptpel Oi @onyxlorenzoni  compra de vacina É GOVERNO FEDERAL  O @jairbolsonaro mal obrigação dele fez Demorou um tempo eno…,0.055042017,Neutro
RT @Henriqueptpel O rapaz Novo explica que o investimento na ferrovias de Minas Gerais foram todos pra transporte de minério e só foi f…,0.14216323,Neutro
RT @Henriqueptpel O que não é bom pro Rio Grande @onyxlorenzoni  é lógica privatista BB e Caixa tiveram lucros mas economia recuou…,0.0782489,Neutro
RT @Henriqueptpel O que não é bom pro Rio Grande @onyxlorenzoni  é lógica privatista BB e Caixa tiveram lucros mas economia recuou…,0.0782489,Neutro
RT @Henriqueptpel O debate começou e já mostramos que estamos com verdade e o compromisso ao lado povo gaúcho \n@EdegarPretto\n #Debate…,0.08244847,Neutro
RT @Henriqueptpel O @onyxlorenzoni  @Heinzeoficial  e @EduardoLeite_ são @jairbolsonaro  só pensam em vender Agora é o Banrisul Seguem…,0.055042017,Neutro
RT @Henriqueptpel O @Heinzeoficial mora em Paris Nada tá dando certo nos modelos que ele defende com @jairbolsonaro  e @EduardoLeite_  O…,0.038852096,Neutro
RT @Henriqueptpel O @EduardoLeite_ fala em mulheres empreendedoras mas como empreender se sob seu governo economia caiu 38 Como cres…,0.086961575,Neutro
RT @Henriqueptpel Falta conhecimento histórico pro @partidonovo30  Governos liberais Rio Grande Sul foram muitos todos deixaram o…,0.012811388,Neutro
RT @Henriqueptpel @edegarpretto é o candidato da ESPERANÇA\n\n #DebateNaBandRS #LulaOlivioPrettoRuas ,0.05197828,Neutro
RT @HenriqueFontana O @EdegarPretto tem 51 anos e nasceu em Miraguaí na Região Celeiro é pai de 3 filhos formado em Gestão Pública e t…,0.038852096,Neutro
RT @gisellebezerra Nosso candidato ao governo Rio Grande Sul propondo uma gestão eficiente dos recursos\n\n@VieiraPDT\n\n#DebateNaBandRS,0.012811388,Neutro
RT @gisellebezerra Nosso candidato ao governo Rio Grande Sul propondo uma gestão eficiente dos recursos\n\n@VieiraPDT\n\n#DebateNaBandRS,0.012811388,Neutro
RT @giovanicherini              º     \n\n#DebateNaBandRS…,0.055042017,Neutro
RT @bandrs Band mantém tradição e realiza o primeiro debate entre os candidatos ao governo RS\n HOJE às 21h\n\nTransmissão simult…,0.055042017,Neutro
RT @bandrs Band mantém tradição e realiza o primeiro debate entre os candidatos ao governo RS\n HOJE às 21h\n\nTransmissão simult…,0.055042017,Neutro
RT @bandrs Band mantém tradição e realiza o primeiro debate entre os candidatos ao governo RS\n HOJE às 21h\n\nTransmissão simult…,0.055042017,Neutro
RT @bandrs Band mantém tradição e realiza o primeiro debate entre os candidatos ao governo RS\n HOJE às 21h\n\nTransmissão simult…,0.055042017,Neutro
"O @onyxlorenzoni fala em  verdade mas apoia o governo que mais mente @jairbolsonaro  Se enrola pra atacar o @ptbrasil  fala em obras inacabadas"" não fez obra ou projeto Recuperar patriotismo é realização com 33 milhões com fome\n#LulaOlivioPrettoRuas\n#DebateNaBandRS",0.4028394,Negativo
Esse Onyx é maluco mané #DebateNaBandRS,0.8223625,Negativo
Qual é autoestima dos brasileiros nesses últimos 4 anos Sr Onyz  Que grande bostaaaaa #DebateNaBandRS,0.69119626,Negativo
"Caixa Dois confesso não pode falar em corrupção""\n\nChupa essa manga @onyxlorenzoni  seu pelego",0.54238683,Negativo
Caixa dois confesso não podem falar em corrupção @EdegarPretto coloca @onyxlorenzoni seu lugar Peleia entre o sujo e o mal lavado,0.76548433,Negativo
O @onyxlorenzoni falando em corrupção kkkkkkkk Vai te ferrar,0.8674699,Negativo
irrita debate pq ficam só gritedo Proposta que é bom nada Parecem aqueles fornecedores que iam visitar e ficavam falando mal concorrente em vez de mostrar seus trabalhos #DebateNaBandRS,0.57962215,Negativo
RT @sigamariaeunice O Leite mentindo de novo Não fez nada pra resolver problemas transporte urbano Temos passagens de ônibus mais…,0.47102526,Negativo
@SaberVital2 @EduardoLeite_ Bora para aonde \nSó se para o olho da rua esse canalha quebrou empresas desempregou pessoas destruiu famílias ,0.800372,Negativo
"@RicardoJobim30 @VieiraPDT @EdegarPretto @LulaOficial @Heinzeoficial @vicentebogo @onyxlorenzoni @jairbolsonaro @EduardoLeite_ Então @Heinzeoficial diz que falta gestão nas escolas pois algumas não tem ar condicionado e diz que irá trocar o pneu com o carro andando"" E @vieirapdt cita frase de Brizola cara é ignorância #DebateNaBandRS",0.45415178,Negativo
Onyx nao sabe nada de nada\neleição regional é regional nao tem nada ver com cenário nacional\nninguém quer nem Bolsonaro presidente muito menos Bolsonaro governador\n#DebateNaBandRS,0.4752405,Negativo
Tabelinha entre Edegar Pretto PT e Onyx Lorenzoni PL para bater em Eduardo Leite\n\nDepois ja voltou o Lula X Bolsonaro de sempre\n\n#DebateNaBandRS,0.43002537,Negativo
Heinze vestido todo de preto se destaca entre os bolsonaristas como se fosse o mais sério Onyx é o raivosinho relativista O #DebatenaBandRS segue retórico,0.67148936,Negativo
Acho que uma das coisas mais tristes desse #DebateNaBandRS é pauta de EDUCAÇÃO Não sei o que é pior ouvir Eduardo Leite falando que fará isso fará aquilo e que professor ganha mais hoje É muito triste,0.54238683,Negativo
RT @LeonelRadde Onyx Caixa 2 mentindo na cara dura\nDizendo que nunca tivemos tanto emprego e estabilidade econômica Só se na casa de…,0.47102526,Negativo
"@RicardoJobim30 @VieiraPDT @EdegarPretto @LulaOficial @Heinzeoficial @vicentebogo @onyxlorenzoni @jairbolsonaro @EduardoLeite_ Então @Heinzeoficial diz que falta gestão nas escolas pois algumas não tem ar condicionado e diz que irá trocar o pneu com o carro andando"" E @vieirapdt cita frase de Brizola cara é ignorância #DebateNaBandRS",0.45415178,Negativo
RT @FlorbelaEspanc5 Insuportável ouvir o Onyx debate da Band Ele não está fazendo campanha para ele Está fazendo campanha para o Bols…,0.47102526,Negativo
RT @onyxlorenzoni O esquerdista Peninha sujeito que exala ódio e prega violência e crimes em um vídeo  não representa o Rio Grande Su…,0.86052006,Negativo
RT @EngZini Temos o dobro da evasão escolar da média nacional Isso é ou não é uma vergonha @VieiraPDT \n\n@EduardoLeite_ joga toda cul…,0.60089546,Negativo
Eu não consigo ver esse Heinze falando embora eu tbm saiba q o RS faz muito por merecer um merda desses comando\n\n#DebateNaBandRS,0.86978316,Negativo
RT @ruirapina3 Edegar Pretto o poste gaúcho ex-condenado falando em acabar com fome das crianças em fase escolar Ué O chefe dele n…,0.72634697,Negativo
Leite trabalhou em prol da evasão escolar negou aos nossos jovens aquilo que é seu por direito \nSeguiu linha neoliberal sucateando educação e desvalorizando os professores \nOs números não mentem O RS tem o dobro de evasão escolar que média nacional \n#DebateNaBandRS,0.44079745,Negativo
RT @Valdeci13rs Mais uma @EdegarPretto\nna Band mais de 80 das escolas gaúchas não têm pátio adequado para recreação Faremos um pesa…,0.43222198,Negativo
@EduardoLeite_ Encheu o cofre RS com torneira governo federal aberta nem tem sequer honra de reconhecer,0.5784398,Negativo
RT @ruirapina3 @onyxlorenzoni está muito bem debate até aqui Firme tranquilo respondendo tom adequado à camarilha esquerdista ??…,0.54238683,Negativo
Sério que você vai culpar pandemia @EduardoLeite_  Vocês estão fechando escolas desmontando o ensino médio depauperando educação e os servidores que nela trabalham é só perguntar pro @Cpersoficial \n\n#LulaOlivioEdegarRuas\n#LulaOlivioPrettoRuas\n#DebateNaBandRS,0.6105015,Negativo
RT @matheuspggomes @EdegarPretto mostrando por que deve ser o novo Governador RS O Governo tem que ser contra privatizações gerar…,0.4028394,Negativo
RT @H1SaiaDaMatrix Eduardo Leite falando das mulheres sobre violência contra mulheres levantou bola para o Argenta lembrar o que ele…,0.67148936,Negativo
RT @PTpoa O @EdegarPretto veio cabo da enxada Tem muito orgulho dos pais da origem humilde e de tudo que conquistou com muita luta e…,0.47102526,Negativo
Temos o dobro da evasão escolar da média nacional Isso é ou não é uma vergonha @VieiraPDT \n\n@EduardoLeite_ joga toda culpa na pandemia só não explica porque tem piores resultados que os outros Estados que também passaram pela pandemia\n\n#DebateNaBandRS,0.47102526,Negativo
Não teve um que não jogou na cara Leite que ele RENUNCIOU e quer voltar \n#DebateNaBandRS,0.44698858,Negativo
Povo Partido Novo sempre ou quase sempre com um ar de petulância na fala Liberais iluminados\n\n#DebateNaBandRS,0.46713686,Negativo
Esse candidato PT é muito fraco hein #DebateNaBandRS,0.5813718,Negativo
Eu ansiosa p ano que vem vai ser minha chance de ser uma adulta feliz com Edegar e Lula governo #LulaOlivioEdegarRuas #DebateNaBandRS,0.4028394,Negativo
Pretto vcs não irão voltar presidência nem ao governo estado Vcs deixaram o Brasil quebrado pq roubaram muito  #DebateNaBandRS,0.6938776,Negativo
E reforma ensmédio Temer e o currículo gaúcho LeiteEscolas estaduais estão bagunça e o modelo neoliberal Leite demonstrou-se centralizadorburocrático autoritárioEstudantes e professores doentesMuito dinheiro distribuído entre empresas privadas #DebatenaBandRS,0.67148936,Negativo
@andrebattalhini @EduardoLeite_ O seu comentário é o mais sensato possíveldeduzo que não seja funcionário desse tirano nem recebe dinheiro da teta governo desse molequeparabénsporque os outros comentários todos são direcionados elogios para esse “garoto”que destruiu o Rio Grande Sul na pandemia,0.8406888,Negativo
@RicardoJobim30 enquadra @EdegarPretto sobre herança maldita governo Tarso #mbl #DebateNaBandRS,0.71887034,Negativo
@EdegarPretto é filho de agricultores familiares Veio cabo da enxada e\ndesde cedo aprendeu o valor trabalho campo Edegar sempre percebeu as\ndificuldades dos agricultores para comercializar seus produtos em outros\nmunicípios #LulaOlivioPrettoRuas #DebatenaBandRS,0.54238683,Negativo
@ferreropedroo @mariadorosario @EdegarPretto Lavar banheiro dos americanos  só pode ser um derrotado,0.7336475,Negativo
@paularosiska Quando vi o vigarista @onyxlorenzoni aparecer falando asqueroso qual ele era capacho troquei para o show Caetano ,0.78985506,Negativo
#DebateNaBandRS O @EdegarPretto mostra que Leite é Sartori deixaram Educação Quebrada 18 das escolas nem banheiro decente tem E muitos funcionários de escola não ganham nem o Salário Mínimo  Com #LulaOlivioEdegarRuas Educação  vai voltar ser bem tratada #DebateNaBand,0.47102526,Negativo
RT @NatashaPSOL O @EdegarPretto lembrou que foi o Olívio Dutra que criou UERGS É isso que precisamos para o RS investimento público na…,0.47102526,Negativo
RT @davidalmansa Heize mais perdido não tem Onixy só fala bozo e defende o indefensável Leite na defensiva e perdido Dobradinha neol…,0.6099672,Negativo
O Edegar falando Brizola ele que lave boca Pro petismo trabalhista só vale depois de morto\n#DebateNaBandRS,0.7114634,Negativo
"escolas RS não tem pátio para nossas crianças 14 das escolas não tem banheiro ou eles não funcionam Nossas crianças precisam de uma merenda escolar de qualidade elas tem que chegar e ter um bom café da manhã"" @EdegarPretto \n #DebatenaBandRS #LulaOlivioPrettoRuas",0.54238683,Negativo
E então como é que tá RS Pretto Onyx Heinze e Eduardo Leite já estão se atacando \n#DebateNaBandRS,0.48868385,Negativo
Provavelmente #fakenews #DebateNaBandRS como existiria uma escola sem banheiro Pietro esta jogando como petista sabe mentindo ,0.7489764,Negativo
Edegar Pretto o poste gaúcho ex-condenado falando em acabar com fome das crianças em fase escolar Ué O chefe dele não tinha acabado com fome país ?? #DebateNaBandRS,0.6137073,Negativo
RT @LeonelRadde Onyx Caixa 2 mentindo na cara dura\nDizendo que nunca tivemos tanto emprego e estabilidade econômica Só se na casa de…,0.47102526,Negativo
@alucianapeters @bandrs @EduardoLeite_ Pra entregar o patrimônio público preço de banana é sim,0.45310885,Negativo
@EduardoLeite_ Onde isso  Temos piores estradas da União Uma vergonha e um risco aos gaúchos,0.67148936,Negativo
#DebateNaBandRS #LulaOlivioEdegarRuas ,0.54238683,Negativo
Menos da metade dos jovens de 15 19 anos estão matriculados Ensino Médio @EduardoLeite_ que vergonha E ainda quer se reeleger\n\n#DebateNaBandRS,0.67148936,Negativo
@Heinzeoficial @bandrs E já contando mentira,0.67148936,Negativo
O Eduardo Leite dizendo que implementou políticas para proteger Mulheres mas infelizmente teve feminicídios governo dele ?? #DebateNaBandRS,0.4934505,Negativo
RT @LSSilvaX Não convidar @CarlosMessalla e @rejanepstu para os debates de hoje na @bandrs é um absurdo Da mídia burguesa gente não esp…,0.67148936,Negativo
#LulaOlivioEdegarRuas #DebateNaBandRS ,0.50766486,Negativo
Pietro é um boneco de ventríloquo   #DebateNaBandRS,0.6152542,Negativo
RT @EdegarPretto Vamos rever o acordo que Eduardo Leite fez com Bolsonaro que nos condena o estado uma subordinação completa Nós quere…,0.47102526,Negativo
@EduardoLeite_ É obvio q esses comentários favor desse mentecapto desse homem frágil ñ são orgânicos engana que eu gosto,0.6991745,Negativo
Ricardo Jobim mandou o Argenta de volta pro Calçados Beira Rio e nao se meter atrapalhar gestao pública só pra ter um cargo público\n#DebateNaBandRS,0.4028394,Negativo
O candidato Partido Novo deixa claro quem serve Fala Estado como homem branco classe média que não precisa Estado para ter o mínimo de direitos garantidos Fora da realidade\n #DebatenaBandRS #LulaOlivioPrettoRuas,0.46869496,Negativo
RT @elvispiccolivar @EdegarPretto é filho de agricultores familiares Veio cabo da enxada e\ndesde cedo aprendeu o valor trabalho no…,0.4028394,Negativo
Jobim é cara da elite atraso de @JesseSouzaecht  pensa que culpa das desigualdades estado é culpa poder político e Estado Sem nenhuma vergonha #DebateNaBandRS,0.71887034,Negativo
Tchê O #DebateNaBandRS  tá terrível não conheço boa parte dis candidatos e maioria deles são da base governo Bolsonaro Filhotes da ditadura,0.66151106,Negativo
Inacreditável os candidatos ao Governo RS simplesmente não sabem LER #DebateNaBandRS,0.42529443,Negativo
Que loco esse 2022 eleitoral um candidato @partidonovo30 discursando valorização de servidor público ??\n\n#DebateNaBandRS,0.47102526,Negativo
Exatamente O aumento dos feminicídios RS é resultado dessa negligência com vida e os direitos das gaúchas que não contam com rede de proteção extinta por Sartori e ignorada por Leite\n  #DebatenaBandRS #LulaOlivioPrettoRuas ,0.48124307,Negativo
@EduardoLeite_ Investimentos em lacre para gôndolas de supermercados,0.50658643,Negativo
Que despreparo esses caras que querem ser governador RS e não conseguem nem concluir um raciocínio tempo preconizado num debate\n\n#DebateNaBandRS,0.55415726,Negativo
RT @EdegarPretto Eu quero dizer aos gaúchos e gaúchas que se eu governador vou anular todos os atos de privatização da nossa Corsan…,0.4028394,Negativo
RT @DedeLulista O Eduardo Leite finge se importar com mulheres Não adianta mentiroso #PalavraDeGaúcho é algo que só Edegar Pretto tem…,0.71887034,Negativo
Argenta pergunta ao Jobim cita Romeu Zema puxando-saco e fala que Zema é cliente da calçados Beira-Rio  Jobim diz que se espelha governo Zema fala em processo seletivo para secretário de estado #DebateNaBandRS,0.5014,Negativo
RT @NatashaPSOL 680 mil pessoas morreram Brasil por causa da covid-19 E o Onyx ainda tem coragem de dizer que Bolsonaro atuou bem dura…,0.47102526,Negativo
RT @ruirapina3 @onyxlorenzoni está muito bem debate até aqui Firme tranquilo respondendo tom adequado à camarilha esquerdista ??…,0.54238683,Negativo
RT @ZanellaCarlinha O @EduardoLeite_ não tem vergonha de escolher o tema das mulheres para debaterPor 3 anos consecutivos destinou quase…,0.5718414,Negativo
RT @onyxlorenzoni O esquerdista Peninha sujeito que exala ódio e prega violência e crimes em um vídeo  não representa o Rio Grande Su…,0.86052006,Negativo
@EduardoLeite_ Grande Bolsoanaro,0.47102526,Negativo
RT @FlorbelaEspanc5 Insuportável ouvir o Onyx debate da Band Ele não está fazendo campanha para ele Está fazendo campanha para o Bols…,0.47102526,Negativo
RT @DedeLulista O Eduardo Leite finge se importar com mulheres Não adianta mentiroso #PalavraDeGaúcho é algo que só Edegar Pretto tem…,0.71887034,Negativo
Mentiroso compulsivo\n#DebateNaBandRS ,0.8223625,Negativo
O Eduardo Leite finge se importar com mulheres Não adianta mentiroso #PalavraDeGaúcho é algo que só Edegar Pretto tem #heforshe @EdegarPretto #DebateNaBandRS #LulaOlivioEdegarRuas #LulaOlivioPrettoRuas,0.71887034,Negativo
Eduardo Leite é o próprio ditado por fora uma bela viola por dentro um pão bolorento #DebateNaBandRS  #LulaOlivioPrettoRuas,0.54238683,Negativo
O Eduardo Leite teve coragem de falar de mulheres mesmo\n \ngeeeeeeeeente até o Oliver atento debate tá passado\n\n#DebateNaBandRS ,0.4028394,Negativo
Leite querer se fazer falando em defesa da mulher mas e os testes por amostragem lá em Pelotas hein #DebateNaBandRS,0.54238683,Negativo
RT @condoiselles eduardo leite nem esconde o desgosto de estar em um debate que não é para presidência kkkkkkk #DebateNaBandRS,0.55670303,Negativo
RT @thaatim Que lindo Eduardo Leite pensando nas mulheres Ainda bem que tu pensou nas mulheres de Pelotas que tiveram o resultado dos exa…,0.54238683,Negativo
Meu Deus Céu candidatos ao governo RS é puro chorume bolsonarista lógicamente com belíssima excessão @EdegarPretto,0.6784554,Negativo
Dudu vc nem era para estar concorrer isto é se vc fosse um homem de palavra Seu governo catastrófico o povo gaúcho já conhece  #DebateNaBandRS,0.70321774,Negativo
se o @onyxlorenzoni fornecer fonte da juventude todos gaúchos farei campanha\n\no bitcho tem 67 anos e parece que tem uns 40 ,0.15354952,Positivo
Olhaaaaa conversas desse @onyxlorenzoni kkkkkkkk é muito fraco,0.57824516,Negativo
RT @fernandapsol @EdegarPretto firme ao anunciar o  compromisso de revogar todos atos de privatização da Corsan e com o Banrisul Público…,0.08390819,Neutro
